samples,sample.timepoint,ajcc.stage,pfs.time,pfs.event,month,cancer_death,tumor.response,type.of.lesion,type.of.primary,recist,DDX31,MTRF1,SRRD,SMAD1,SYT11,PRSS21,HIST2H4A,STK25,NR2C2,CLU,SLC24A2,GPSM3,CSRNP1,PLXDC1,NUDT14,NCK1,HIST1H2BC,NKRF,FAM174A,ATRNL1,G3BP2,NR5A2,EMC6,MYO1E,TMPRSS5,CCDC78,RGL3,TMEM263,IP6K3,HTR4,ZNF512,ZNF514,CRLF2,SERPING1,PPP4C,KRT10,FLRT2,SLC35C2,CAMK2A,FLI1,HSD11B1,RIMS1,FBXW7,HSPD1,LY9,HOMER1,CACNB4,EIF4E1B,C3orf22,OR5D13,PRR5L,CNEP1R1,ZNF213,DAAM1,NCF1,CACNG2,RFPL3,SYN3,ELF1,GLP2R,SNX1,CORIN,NADK,BAG5,ZNF532,ADAM2,FAM92B,MBD3L1,NBPF1,PPT1,GPR35,LECT2,NCF4,RASGEF1B,BRI3BP,C9orf85,ADAT1,POU4F1,LRCH1,CPNE5,STYXL1,PDGFD,CRYGD,CA14,DNPH1,RUSC1,TRMT44,SCN1A,MESP1,KCNA7,ORC5,ADIPOQ,SRRM4,ETV6,POLA2,KLHDC8A,PPM1F,PRSS57,TMEM253,SAT2
MM909_01_1,Before TILs,M1c,48.1,1,92.9,0,-100,LN,unknown,CR,1.37871,1.49951,3.67235,1.97808,3.41604,0.0,0.0,3.94304,2.18883,6.50684,0.0,5.81962,3.6965,1.60605,2.46156,4.90526,4.59069,2.81944,4.94738,0.51653,5.45211,0.83964,5.16633,2.33436,0.47348,0.92856,1.49142,5.34497,0.29951,0.23293,3.29741,1.74171,0.33656,7.69502,5.22604,4.35208,0.27923,3.98516,0.36441,4.69316,2.16876,0.0,5.50118,6.91455,4.79288,0.386,0.58756,0.0,0.0,0.0,2.26595,3.12131,1.39568,2.13554,4.37847,0.0,0.0,0.0,5.39123,0.0,4.53334,0.26582,4.26787,3.1114,3.2965,0.0,1.59716,0.0,1.75074,6.47632,0.43851,0.0,5.96194,2.97608,1.17634,2.52194,1.57782,0.08025,2.84708,5.69371,5.21702,2.42422,0.0,2.56292,5.13229,3.05582,1.56134,0.0,0.61222,0.0,3.47233,0.09299,0.0,3.17808,2.6946,0.33266,2.75541,0.0,0.0,6.47082
MM909_02_1,Before TILs,M1b,2,1,6.9,1,10.94,LN,skin,PD,1.66989,1.8895,3.53553,2.45437,3.86638,0.0,0.0,3.7746,2.61582,4.98023,0.0,4.95574,1.80936,0.92457,2.08358,4.88503,0.90499,3.06326,4.3411,0.93923,4.63919,1.17327,3.756,3.36673,1.13574,0.69623,0.57803,5.39461,0.16014,0.0,4.09636,1.77695,0.07541,9.14374,5.12497,3.64184,0.65035,3.50893,0.20656,3.44647,1.07867,0.03468,2.62668,7.80192,2.68127,1.03439,0.13569,0.0,0.0,0.0,1.50029,3.26914,1.58739,2.1832,2.24034,0.0,0.0,0.15745,5.27652,0.08085,5.30813,0.36958,3.40394,3.29264,3.90553,0.0,0.41692,0.0,1.69623,7.06326,0.07104,0.0,3.13996,1.38583,0.80487,3.01185,2.35082,0.05104,3.33226,3.41604,5.45309,4.48321,0.0,4.16055,4.3977,3.16071,1.22113,0.04537,0.47792,0.01253,4.48173,0.02183,0.09505,3.02624,2.70619,0.3304,3.0405,0.0,0.41428,5.24587
MM909_03_1,Before TILs,M1c,3.8,1,11.4,1,11.92,SC,unknown,SD,2.54361,2.34188,4.77894,2.46245,2.07601,0.0,0.0,4.30643,3.0315,1.54417,0.04394,5.40696,3.26301,0.83763,3.06326,4.42895,2.13624,4.01334,4.33286,1.48708,5.18637,0.08575,5.11804,4.72454,1.49068,1.24961,1.20367,4.82188,0.31848,0.21259,3.20675,2.48975,0.0,9.25385,5.3566,3.61423,3.82161,3.52608,0.04664,1.41554,0.10041,0.04572,2.43066,7.65418,0.26951,1.17866,0.11296,0.0,0.0,0.0,1.0953,2.2955,2.06198,2.83931,0.32564,0.0,0.0,0.52954,4.99933,0.08773,4.65234,0.13468,3.53198,3.47948,4.16489,0.0,0.0,0.0,2.38953,5.67735,0.0887,0.0,1.02444,1.27845,0.85614,4.28072,1.43871,1.06155,2.57049,0.57935,5.66105,0.74094,0.0,6.793,3.87508,2.02281,2.26112,0.0,0.62692,0.0,3.99398,0.04738,0.0,3.45317,2.76471,0.0,3.17074,0.0,0.54921,6.02601
MM909_06_1,Before TILs,M1c,2.3,1,4.6,1,-7.14,LN,skin,PD,2.49345,3.10855,4.2297,2.64786,2.52194,3.87508,0.0,3.99814,1.4649,3.75402,0.21705,5.6468,3.49179,1.95329,3.70043,4.99225,4.52433,2.75931,3.88108,1.0487,4.65471,0.74279,5.73622,2.75056,0.81813,0.63993,0.2235,5.1489,1.71808,0.0,3.68715,1.06813,0.11271,5.83969,6.07289,4.67865,2.45112,4.01057,0.07168,2.99581,2.68924,0.0,2.35758,7.12591,1.15959,1.12289,0.35497,0.0,0.06314,0.0,1.61,3.31902,0.98636,3.15829,1.36707,0.0,0.0,0.30923,4.06496,0.0,5.02854,0.14829,3.57774,2.88729,3.87099,0.0,0.53942,0.0,1.73325,6.76802,0.65354,0.05336,4.18233,2.01809,0.86848,3.973,1.79183,0.10282,2.6586,1.36363,5.13546,4.11047,0.0,6.20666,7.33775,3.33371,1.16137,0.16073,0.8831,0.01451,4.42458,1.00564,0.0,1.83771,3.03919,0.12148,2.72364,0.0,0.16582,6.44749
MM909_11_1,Before TILs,M1a,13.1,1,71.5,0,-100,LN,skin,CR,2.06089,2.37122,3.46748,2.15643,3.99299,0.27675,0.0,3.2948,2.39316,7.54637,0.0,4.48587,2.18251,1.09094,3.80111,4.95154,1.47734,3.03664,3.79483,0.99602,5.05141,0.73354,4.27551,2.14583,1.14852,0.77164,0.32417,5.26578,0.07503,0.0,3.8388,1.18265,0.22193,7.52149,5.91549,3.85195,1.54133,4.40816,0.07853,2.93373,3.65163,0.06748,2.31441,7.49744,1.73284,1.22168,0.19627,0.0,0.0,0.0,2.01989,3.12845,1.21898,2.10372,2.8868,0.0,0.0,0.34373,4.18408,0.0,6.69387,0.06007,4.65274,2.97061,4.24439,0.0,0.10154,0.0,2.17401,7.96612,0.34639,0.0,4.02275,2.67875,0.89589,2.88523,2.22618,0.0,2.45362,1.42544,5.21208,1.50274,0.0,4.33462,5.05599,3.13542,1.2858,0.0,1.384,0.0,4.79677,0.0,0.0,3.26635,2.80217,4.47544,3.7059,0.30055,0.76736,5.68864
MM909_14_1,Before TILs,M1c,2.5,1,3.2,1,27.8,LN,unknown,PD,2.66609,3.07277,4.67212,1.83884,3.59549,0.0,0.0,4.81897,2.32908,1.76509,0.07016,5.69068,2.61098,2.35479,4.33868,3.9324,2.00165,2.89768,3.47404,0.85516,4.92621,0.83509,5.11677,4.27639,0.29412,2.71136,2.70459,3.80031,0.19665,0.0,2.88006,1.6124,0.0,7.35178,6.50822,4.09112,0.22838,3.94911,0.53942,2.92775,1.23811,0.06594,2.20322,7.11874,2.38488,0.60369,0.07683,0.0,0.0,0.0,1.46,2.63826,3.16863,2.80469,3.18354,0.0,0.0,0.90469,4.27506,0.0,4.01446,0.14704,4.27784,3.15016,3.22357,0.0,0.0,0.0,1.69016,6.17854,0.46831,0.0,4.06749,1.8566,2.38213,2.75056,2.03002,0.0,2.86971,2.46397,5.83438,0.61516,0.0,5.21702,5.20967,4.08293,2.1075,0.0,1.78075,0.13946,4.03315,0.06748,0.0,2.38292,3.84343,0.0,3.19866,0.0,0.62739,4.96561
MM909_15_2,Before TILs,M1b,67.13,0,67.1,0,-100,LN,skin,CR,2.83419,3.16929,4.45133,2.91343,1.86896,0.22228,0.0,4.41654,2.48776,1.02942,0.02475,4.46011,1.79003,0.90365,4.31621,4.48895,1.99401,3.63439,4.12333,0.61042,4.91031,0.6524,5.73807,2.76741,1.61563,1.38179,1.8142,4.79858,0.0,0.0,3.68148,1.72294,0.31298,5.04283,6.19812,4.86586,0.59349,4.53976,0.0505,2.07356,1.54274,0.0,2.86479,7.7029,0.38096,2.34381,0.16084,0.0,0.0,0.0,1.09741,3.88737,1.52438,4.47761,0.82112,0.0,0.0,0.34135,4.29721,0.0,4.43088,0.87405,3.68715,2.9021,1.28103,0.0,0.04664,0.0,2.35693,6.86392,0.43342,0.0,2.55855,0.91517,1.43839,4.03834,1.73325,0.86944,2.38213,0.37783,5.29109,2.23522,0.0,6.46902,6.66631,2.43208,1.20955,0.0,2.03492,0.08496,3.69587,0.02677,0.0,2.02455,2.48389,0.14628,2.99832,0.0,0.23564,6.06773
MM909_16_1,Before TILs,M1c,3.9,1,65.3,0,-12,SC,skin,SD,2.16915,3.17952,4.56361,3.1195,3.8494,0.0,0.0,4.36178,2.42996,0.43086,0.03833,6.22788,2.21405,1.37157,3.70073,4.01619,2.17566,4.37623,3.65412,1.6274,5.88749,1.02518,4.58385,4.47042,1.9454,0.94141,1.67806,5.02199,0.0,0.0,3.03532,1.98148,0.03272,5.45551,6.30464,4.22875,1.06813,4.74712,0.15339,1.59632,0.84767,0.0,2.50308,7.09295,0.43686,2.30416,0.1451,0.0,0.0,0.0,0.95734,4.00896,1.98659,3.43883,0.39515,0.0,0.0,1.77246,6.11098,0.0,5.38503,1.40123,3.94193,3.10667,1.45885,0.0,0.0,0.0,2.58221,7.21616,0.15459,0.0,1.24371,0.68081,1.73325,2.83298,2.77033,0.54365,3.66693,2.15957,4.07942,1.90836,0.0,7.13112,6.05277,2.955,2.1329,0.0,0.77645,0.03991,3.31053,0.07969,0.0,2.57288,2.69705,0.09571,3.01504,0.0,0.81891,5.75047
MM909_17_1,Before TILs,M1c,64.87,0,64.9,0,-40.5,LN,skin,PR,2.28695,3.61533,4.10981,3.51029,1.50463,0.06019,0.0,3.24611,1.72688,1.12153,0.54076,3.95737,1.66575,0.77275,4.72218,5.29896,1.83008,3.4149,3.7684,1.62174,5.37949,0.9499,5.69571,2.35625,1.46609,0.85773,2.28469,5.79511,0.0,0.0,3.51505,0.82136,0.17777,5.532,6.05489,5.19069,1.73489,3.80111,0.01083,3.7191,3.08617,0.10633,2.34122,7.30242,0.39616,2.05107,0.29996,0.0,0.0,0.0,0.9847,3.23169,0.78696,3.40194,0.93606,0.01142,0.0,0.45724,4.47406,0.0,3.57742,0.34119,3.39904,3.13511,2.99066,0.05097,0.0,0.0,2.54068,6.80155,0.11271,0.0,2.493,1.3346,0.95734,3.82537,1.26703,0.0,2.93373,0.82603,4.98812,2.34811,0.0,3.90857,5.93361,2.97357,1.53221,0.05238,1.66371,0.0116,4.25324,0.01133,0.0,2.40558,3.30663,0.42714,2.47489,0.0,0.23864,6.18629
MM909_22_2,After Ipilimumab/Before TILs,M1c,32.1,0,32.1,1,-100,NA,skin,PR,1.7073,1.61042,3.59549,4.25397,3.55101,0.69402,0.0,4.95574,2.30692,5.78568,0.35552,5.46817,2.92882,4.04885,3.50151,4.61143,0.29481,1.72294,3.37555,0.02742,4.78953,1.32953,4.17982,4.25569,0.16268,0.35518,0.33608,4.68017,0.0257,0.0,3.22844,1.37666,0.13703,9.16584,5.77639,3.32663,3.4081,4.45323,0.36887,4.19928,2.81026,0.0,2.54432,6.33584,1.88537,0.94795,0.79079,0.0,0.0,0.0,2.60733,3.0246,1.63129,2.85368,2.59541,0.0,0.0,0.10579,4.25237,0.04703,4.51939,1.634,4.7561,3.39436,4.44506,0.0,0.03876,0.0,2.40321,6.86392,1.62051,0.03646,5.57189,3.04937,0.6938,2.33959,1.99337,0.01636,2.82163,2.02567,4.61993,3.51977,0.0,0.0236,4.96441,3.50723,1.41193,0.00508,0.25947,0.0,3.01607,1.37307,0.01299,3.48869,2.46573,0.49325,4.27506,0.0,0.24521,5.62831
MM909_25_1,Before TILs,M1b,3.77,1,5.5,1,-24.1,LN,skin,SD,1.74359,2.7391,3.7788,1.97181,3.51718,0.48943,0.0,4.20351,2.39462,3.24681,0.01936,5.72741,2.34528,1.92408,3.92844,3.98911,0.69088,2.54476,3.28111,1.00033,4.72281,0.56034,5.11338,3.73174,1.3837,1.16587,1.16431,4.53374,0.01606,0.0,3.79526,1.70542,0.09672,7.71678,5.84416,4.54481,1.276,4.48366,0.42142,3.53553,1.81568,0.0,2.73805,7.50115,3.10113,0.58382,0.16875,0.0,0.0,0.0,2.22685,2.50565,1.9397,2.89992,3.36698,0.01046,0.03763,0.07479,4.71245,0.0,4.79288,0.09547,4.62162,2.43883,3.49083,0.0,0.0,0.0,1.77968,7.05616,0.72669,0.04357,4.34195,2.75468,1.78736,2.70986,1.54724,0.10175,3.26914,1.33853,5.46238,3.7059,0.0,1.00941,6.64107,3.44098,1.31653,0.0,1.5457,0.02933,4.10885,0.0186,0.00875,2.97028,3.08207,0.0347,2.83518,0.0,0.37613,5.94236
MM909_26_1,Before TILs,M1c,52.7,0,52.7,0,-100,IM,skin,CR,2.2004,1.86089,4.38522,2.11774,4.04263,1.33282,0.0,4.01697,2.1704,2.7931,0.01265,4.98023,2.16623,1.09714,2.20211,4.33603,2.28335,2.59066,3.96102,0.18,5.43108,0.54365,4.08762,3.74947,0.64299,0.38547,0.17554,4.76331,0.21406,0.0722,2.955,2.00517,0.87613,8.41375,5.83649,3.17507,1.44768,4.19928,0.06897,3.35289,2.1964,0.01263,3.197,7.75097,2.9231,1.81903,0.33857,0.0,0.0,0.0,1.63561,3.0542,1.69692,3.14942,3.14219,0.01376,0.0,0.46045,4.59863,0.0,4.71005,0.45426,4.60577,3.35176,2.29766,0.0,1.40123,0.0,2.36433,6.19218,0.31347,0.0,4.19568,1.69138,1.56629,2.28175,2.33065,0.0419,2.62078,4.22483,5.07174,2.25718,0.0,6.97339,4.57714,3.10306,1.53612,0.01186,0.79497,0.01391,4.35687,0.02371,0.01181,3.04422,2.89727,0.06798,3.12845,0.0,0.26183,4.63274
MM909_27_1,Before Vemurafenib/Before TILs,M1c,2,1,3.5,1,24.7,SC,skin,PD,3.60433,3.32853,4.80025,0.73189,2.40791,0.0,0.0,4.44014,3.22357,2.93193,0.03142,4.2119,1.80292,0.88468,3.4027,4.38522,1.68776,3.26881,2.40227,1.10865,6.22939,0.44277,4.12209,3.82191,1.8205,1.95656,1.15264,5.10098,0.82489,0.0,3.98245,3.18734,0.0,4.05065,5.33654,3.50254,1.08467,4.7295,0.04364,1.33676,0.05266,0.02578,3.37656,9.21518,0.04833,2.3426,0.07869,0.0,0.0,0.0,0.80548,3.20239,2.08039,3.03783,0.30457,0.0,0.06502,0.60483,6.35209,0.0,4.26099,0.18217,2.95694,3.5045,4.71343,0.0,0.0,0.0,2.6126,8.48542,0.26124,0.0,1.02942,1.40164,1.58371,3.99334,2.96178,0.09423,4.57141,1.3573,5.48472,3.38846,0.0,6.27041,4.20168,3.02161,2.50682,0.0,0.77828,0.16593,4.2306,0.07793,0.0,2.51566,2.85986,0.08907,3.90268,0.07743,0.29074,4.94167
MM909_29_1,During Vemurafenib/Before TILs,M1c,3.77,1,5.4,1,-14,LN,skin,SD,1.86896,2.41446,3.98488,3.92461,3.39763,0.92625,0.0,3.88229,2.71014,8.16861,0.00124,6.4099,3.36733,1.2657,1.90239,5.53577,0.577,3.11328,2.724,0.32988,5.61382,1.93427,3.66156,3.25752,0.15105,0.2556,0.35207,4.2109,0.02595,0.01852,3.91932,1.64067,0.08175,7.83908,5.43952,3.35859,2.75733,3.57382,0.03789,5.38503,1.69777,0.02241,3.53033,7.18711,4.73576,0.71666,0.1042,0.00591,0.0,0.0,2.68888,3.03664,0.86944,3.04188,4.09902,0.0,0.0,0.20367,5.96311,0.17853,4.81835,0.12692,4.55283,3.68409,3.23902,0.0,0.3086,0.0,1.78511,6.793,0.52282,0.0,4.52889,3.70106,0.87074,2.82046,2.27294,0.02482,3.66623,3.74298,4.77782,3.30905,0.0,0.1233,4.39859,2.40997,1.61375,0.00194,0.26726,0.0,3.63915,0.09089,0.0,3.41044,2.97028,0.16714,2.74987,0.0,0.15407,4.8834
MM909_31_1,Before TILs,M1c,11.3,1,20.1,1,-61.3,SC,mucosa,PR,2.49345,2.62742,5.74938,0.53388,1.53334,0.01929,0.0,3.80503,2.25865,3.13447,0.00023,4.69021,1.95454,0.79235,2.66902,4.06646,2.02158,2.94615,2.82228,1.604,5.57896,0.16475,4.21484,4.26184,1.23254,1.4657,1.29165,3.36698,3.27275,0.02636,4.55335,2.46426,0.07911,6.57817,5.15113,3.62246,0.3546,5.19463,0.00502,2.61066,0.95441,0.0,2.52861,7.37902,1.32167,0.75202,0.15849,0.00374,0.0,0.0,1.46191,2.64218,1.66337,4.22288,2.43942,0.0,0.03007,1.16196,5.30659,0.0,4.55063,0.07993,4.66695,3.01771,2.24585,0.0,0.0,0.0,3.42234,7.01741,0.59474,0.0,3.52452,2.49685,1.10318,2.73351,2.29121,0.00043,4.05608,0.91395,4.29578,1.14193,0.0,3.95674,4.19668,2.30074,1.52918,0.00026,1.14088,0.02822,4.11047,2.15147,0.0,2.64152,3.61817,0.71207,4.5162,0.0,0.83567,6.10728
MM909_34_2,Before TILs,M1c,2.83,1,5,1,-5.8,LN,mucosa,SD,3.27894,3.25659,4.65375,1.25169,3.65909,6.11987,0.52906,3.25063,1.66432,2.52462,0.02787,4.53436,2.31013,0.31706,5.01693,4.52433,5.07711,3.85313,3.48529,2.09822,4.08066,0.705,5.35979,2.5878,1.01998,1.07899,0.37712,4.46863,2.02871,0.0,3.51312,0.86878,0.22797,6.03839,6.0371,4.82653,0.22021,4.7258,0.48993,2.56001,2.84875,0.0115,1.42647,6.28736,1.44543,1.05815,0.01948,0.0,0.0,0.0,1.44472,3.47159,0.85975,3.61056,2.41606,0.0,0.0,0.2653,3.83683,0.0,5.22826,0.09238,3.97687,2.54854,2.83582,0.0,0.16444,0.0,2.03265,7.34119,0.44816,0.0,4.90781,3.34696,1.97406,4.13057,1.61603,0.02679,2.49149,1.11058,6.35665,0.37052,0.0,5.90574,5.88521,3.25344,1.56293,0.01332,1.75146,0.01269,5.10713,0.15138,0.0,1.40328,4.0933,0.59691,2.6886,0.10765,0.97466,6.4495
MM909_35_2,During Vemurafenib/Before TILs,M1c,3.13,1,23.7,1,2.2,SC,skin,SD,2.89992,1.79602,3.88913,2.955,2.37032,0.0,0.0,3.66836,3.0315,2.42079,0.02681,5.38435,2.6886,2.10649,1.71143,5.19668,3.32076,3.92461,4.1451,0.67407,5.86258,0.72927,4.82965,4.29193,0.70011,0.53433,0.18601,5.81655,0.0,0.0,2.8506,1.53221,0.14349,6.3792,5.68083,3.34464,2.30074,4.75216,0.05816,2.50794,1.77178,0.01109,2.28045,8.09836,0.51459,2.40066,0.22456,0.02626,0.0,0.0,1.18077,2.95068,2.11144,3.37555,1.63636,0.0,0.0,0.0638,4.89433,0.0,5.30997,0.22106,3.23956,3.65308,4.32738,0.0,0.0,0.0,1.70904,6.55503,0.09247,0.0,1.99298,2.0658,0.94724,3.5384,2.99874,1.01755,3.71408,3.86166,6.18379,5.3169,0.0,2.16403,4.93003,2.21405,1.51944,0.01018,0.67931,0.0,4.64841,0.10433,0.01015,3.27216,3.04937,0.38875,3.19736,0.0,0.51754,6.02224
MM909_36_1,During Vemurafenib/Before TILs,M1c,8.23,1,24.6,1,-53.8,IA,skin,PR,2.4337,3.01872,4.06496,2.25565,3.20316,3.90659,0.0,4.47544,2.09556,4.662,0.0,5.77775,2.96673,2.04996,3.56037,5.0679,1.73526,1.76472,1.94525,0.08858,4.17184,0.19548,4.77209,2.298,1.09672,0.83836,0.36887,3.91414,0.20847,0.0,3.59379,1.70946,0.21064,7.30242,6.34106,4.26052,1.67769,4.25324,0.05081,3.59746,3.605,0.0107,2.20472,6.56059,3.28768,0.48832,0.07098,0.0,0.0,0.0,2.08847,2.80558,1.25328,2.09957,3.45936,0.00291,0.0,0.13826,4.16055,0.01171,5.84857,0.1178,4.30722,2.66515,3.57134,0.0,0.13035,0.0,2.91626,7.5053,0.386,0.02523,5.48658,3.44222,0.88115,2.48628,1.81946,0.0,3.07181,0.60814,5.47534,3.60992,0.0,0.11988,6.07934,3.21378,1.3097,0.21562,0.36123,0.00568,3.20556,0.03329,0.00295,2.76248,3.41604,0.37961,3.16899,0.0,0.37595,6.55858
MM909_37_1,Before TILs,M1c,3.03,1,12.1,1,2.6,SC,skin,SD,2.46573,2.03886,4.15513,2.27083,3.06758,5.95533,0.0,4.3591,2.34916,4.10368,0.04931,5.46238,2.80558,2.03359,3.14382,4.64689,1.22744,2.64186,2.15957,1.01004,5.05846,0.52647,4.06961,4.05809,0.2253,1.82612,0.14863,3.60992,0.04805,0.0,2.94363,1.4144,0.06441,8.67876,6.08111,2.78697,2.0492,4.50153,0.15886,3.75912,4.35861,0.0,2.80469,7.78598,2.66099,0.44676,0.19154,0.0,0.0,0.0,2.37487,2.88242,2.35415,2.75807,4.15798,0.0,0.0,0.16714,4.39517,0.0,5.24955,0.65035,4.81135,3.31457,3.61743,0.0,0.20184,0.0,2.40972,7.02435,0.54365,0.0,5.11952,3.27619,1.32541,2.57843,2.34592,0.04398,3.24404,2.81277,5.85824,3.30417,0.0,4.18723,5.45395,2.81149,1.56986,0.0066,0.96619,0.08449,3.62356,0.19375,0.00657,2.95562,3.07825,0.06973,3.44514,0.0,0.72391,5.36494
MM909_40_1,Before TILs,M1c,3.73,1,14,1,15.8,IA,skin,SD,2.21239,2.51897,3.67052,2.0366,2.93373,0.0,0.0,3.87426,2.56803,2.6563,0.00957,5.78104,3.24341,1.17401,3.08118,4.49922,1.33978,3.28866,3.03919,0.9499,4.81897,0.27936,4.31377,2.91392,1.57872,0.76323,0.82352,3.85579,0.1114,0.0,3.74947,1.54452,0.11265,8.08593,5.84516,2.84306,2.13724,4.2422,0.03903,3.08329,2.91247,0.02141,2.52317,8.15021,1.79077,0.77596,0.18611,0.0,0.0,0.0,2.23861,2.48245,1.67508,2.2467,2.79941,0.0,0.0,0.25903,5.37523,0.0,5.34663,0.10733,4.1397,3.30663,3.43735,0.0,0.02704,0.0,2.03492,7.07655,0.26403,0.0,4.22483,3.0562,0.96749,3.07046,2.25058,0.95602,4.11872,0.68468,5.32855,3.31678,0.0,3.56815,4.60936,2.89727,1.64142,0.04068,0.4227,0.0,4.21329,0.04117,0.00867,3.24475,2.59576,0.09144,2.85697,0.0,0.31918,5.89214
MM909_42_1,Before TILs,M1c,42.3,0,42.3,0,-100,SC,skin,CR,2.10722,2.85503,4.23621,2.43913,4.04147,0.36317,0.0,3.34082,2.72298,3.04791,0.07407,5.84302,2.09157,1.51063,2.38633,4.17486,0.29771,3.36343,3.01805,0.08079,5.30578,0.72669,4.45459,3.18252,0.75595,0.55755,0.31006,3.79676,1.2399,0.0,3.82675,2.0913,0.14061,10.12656,5.06651,3.54512,1.15399,3.84181,0.0549,3.0466,1.13208,0.0328,2.64786,7.7029,1.73414,1.21434,0.09986,0.0,0.0,0.0,1.98078,2.76213,1.5468,2.03587,2.34158,0.0,0.0,1.58256,5.70894,0.0,5.38503,0.40845,3.66268,3.73432,4.88822,0.0,0.0,0.0,2.4014,6.76375,0.15373,0.0,2.85368,2.69598,0.86912,2.50855,2.62812,0.81777,3.06091,0.66088,4.17262,4.63974,0.0,7.87037,5.05206,3.81797,1.53677,0.00719,0.74367,0.00801,4.10047,0.14039,0.00718,2.92633,2.69761,0.29305,3.54683,0.0,0.32934,6.2425
MM909_43_1,Before TILs,M1c,1.93,1,22.8,1,-76.6,SC,unknown,PD,2.7609,1.82826,5.20139,1.41593,3.96485,6.15468,0.0,4.47243,2.93925,2.76023,0.07764,4.36699,2.7485,1.47249,2.70098,4.37719,2.85631,3.94733,4.16578,0.50427,5.6493,0.75442,4.45459,3.53553,0.67355,0.7818,0.20749,5.00052,1.0783,0.0,2.62812,1.19363,0.0099,6.53471,5.97235,3.64831,1.15264,5.02323,0.44405,2.96377,1.04402,0.0,2.68127,8.66303,0.41222,2.25189,0.10717,0.0,0.0,0.0,0.8171,3.27752,2.07782,4.1295,0.97987,0.0,0.0,1.33676,3.76963,0.03673,3.90817,0.06176,3.97811,3.49574,4.66902,0.0,0.09319,0.0,2.62053,6.42592,0.07475,0.0,2.01178,1.05082,1.00432,3.15276,3.02183,0.01711,2.36065,2.72688,5.25823,1.84832,0.0,3.83206,5.02854,3.32235,2.16975,0.0,0.79531,0.07819,4.56722,0.81593,0.01355,2.77559,3.07246,0.30687,3.70412,0.12119,1.27436,4.98681
MM909_45_1,Before TILs,M1c,11.3,1,37.2,0,-35.7,LN,unknown,PR,1.83595,1.82862,3.76619,2.92665,3.20098,1.04507,0.0,4.33652,2.92694,8.64841,0.0,6.81848,6.31738,2.19723,2.66644,4.48639,1.23769,2.51731,2.21208,0.29384,5.18114,1.31754,3.91159,3.95144,0.15809,0.45766,0.48896,3.12676,0.17807,0.0435,3.38846,1.23416,0.81625,8.26967,5.66402,2.59958,2.42079,4.27784,0.11975,4.95154,2.26006,0.00166,3.33471,6.99716,5.03726,1.03349,0.14854,0.0,0.0,0.0,1.60063,2.43847,1.06573,3.36313,4.44589,0.0,0.0,0.05922,5.97939,0.2834,4.83339,0.03763,4.80775,3.39656,3.4288,0.0,0.04073,0.0,2.41182,6.41679,0.63165,0.0,4.84371,4.73336,1.62657,1.79901,2.22948,0.04638,3.77094,3.74233,4.31275,2.5371,0.0,0.40271,4.70951,2.75931,1.84342,0.00064,0.62931,0.0,2.46332,4.80888,0.0,3.60755,3.01836,0.05136,3.30625,0.023,0.09864,5.13028
MM909_46_1,Before TILs,M1c,5.83,1,24.8,1,-6.6,LN,skin,SD,2.02761,2.3886,5.00914,1.20326,3.15573,3.47233,0.0,4.32203,2.63202,3.69148,0.0028,4.70374,2.10536,1.27304,3.91932,4.35033,2.26748,2.6577,3.25282,0.96191,5.82543,0.38736,4.81897,3.65485,0.74846,1.40815,0.70011,4.70176,0.09252,0.0,3.91499,1.59189,0.01751,5.92273,6.00207,3.49147,1.54174,4.98739,0.02847,3.12953,2.54748,0.00202,2.11262,8.037,1.47003,1.44768,0.10502,0.00748,0.0,0.0,1.59295,3.24777,1.2969,2.42011,2.51221,0.0,0.0,0.46387,4.72051,0.01244,4.03457,0.00723,4.46389,2.94057,4.04795,0.00581,0.12829,0.0,3.02896,6.41495,0.37564,0.0,3.17914,2.01627,1.17479,2.48035,2.50338,0.34231,2.99448,3.25897,5.46646,3.74621,0.0,5.98471,5.19165,3.22109,1.69138,0.01092,0.28158,0.04012,4.29077,0.00221,0.00228,2.7093,2.85407,0.11283,2.70899,0.0,0.74197,5.87649
MM909_47_1,Before TILs,M1c,3.27,1,18.9,1,-21.4,pleura,unknown,SD,3.47683,3.25126,5.55494,2.56176,1.49841,0.10538,0.0,4.07942,2.98172,2.33832,0.0116,4.82139,1.50626,1.40328,4.65319,5.64127,4.10759,4.11522,2.79109,0.53031,5.63088,0.70083,4.6726,3.79064,0.26726,1.48108,0.75958,4.78845,1.47804,0.04129,3.122,2.51897,0.00784,6.76624,5.25963,3.32663,0.42983,4.4905,0.28115,1.84972,1.48033,0.0,3.02745,7.99065,1.07758,1.39725,0.08441,0.0,0.0,0.0,1.04474,3.46226,0.72669,2.67813,1.53645,0.0,0.0,0.30519,4.89084,0.0,4.6731,0.09734,3.49333,3.73055,3.70885,0.0,0.08815,0.0,2.53203,7.01169,0.17384,0.0,3.46264,3.29293,1.23037,4.40816,2.43239,0.74846,3.08428,0.50452,5.47725,1.7392,0.0,7.31558,5.73512,2.68522,2.63576,0.0,0.34231,0.0236,4.45744,0.05767,0.01299,2.30863,3.37059,0.16063,3.02976,0.0,0.38909,6.07647
