ID,age at diagnosis,dead or last follow up (days),dead,clinical stage,MYCN amplification,17q unbalance,patient number,probe ID tumor,RNA-seq data,sWGS data,sample_title
1,356,2121,-,1,-,+,,984760.0,+,+,JB_1
2,1197,1456,-,1,-,-,,1178899.0,+,+,JB_2
3,98,776,-,1,-,-,,1486686.0,+,+,JB_3
4,298,590,-,1,-,-,,2217756.0,+,+,JB_4
5,1852,1631,-,1,-,-,,2238721.0,+,+,JB_5
6,95,54,-,1,-,-,,2238819.0,+,+,JB_6
7,42,729,-,1,-,-,,2238830.0,+,+,JB_7
8,254,509,-,1,-,-,,2238852.0,+,+,JB_8
9,0,345,-,1,-,-,,2238872.0,+,+,JB_9
10,32,185,-,1,-,-,,2238881.0,+,+,JB_10
11,179,294,-,1,-,-,,2238890.0,+,+,JB_11
12,300,2509,-,2,-,-,,2217783.0,+,+,JB_12
13,729,704,-,2,-,-,,2238812.0,+,+,JB_13
14,217,2539,-,3,-,-,,2238682.0,+,+,JB_14
15,1022,478,+,3,+,+,,1872849.0,+,+,JB_15
16,447,203,+,4,+,+,,2238444.0,+,+,JB_16
17,279,889,+,4,+,+,,1466795.0,+,+,JB_17
18,1575,262,+,4,+,+,,1752393.0,+,+,JB_18
19,2045,679,-,4,+,+,,2238509.0,+,+,JB_19
20,970,1202,+,4,-,+,,882893.0,+,+,JB_20
21,1443,969,-,4,-,+,,1588023.0,+,+,JB_21
22,849,424,+,4,-,+,,1962931.0,+,+,JB_22
23,1383,1364,-,4,-,+,,2238456.0,+,+,JB_23
24,1812,834,-,4,-,+,,2238480.0,+,+,JB_24
25,1136,194,-,4,-,+,,2238580.0,+,+,JB_25
26,16,2482,-,4S,-,-,,389481.0,+,+,JB_26
27,95,665,-,4S,-,-,,2239775.0,+,+,JB_27
28,0,560,-,4S,-,-,,2239783.0,+,+,JB_28
29,6,388,-,4S,-,-,,2244163.0,+,+,JB_29
30,65,211,-,4S,-,-,,2244246.0,+,+,JB_30
31,589,1648,-,1,-,-,8852.0,,+,+,JB_31
32,75,1632,-,1,-,-,8891.0,,+,+,JB_32
33,102,1452,-,1,-,-,,,+,+,JB_33
34,12,1844,-,2,-,-,8839.0,,+,+,JB_34
35,623,610,-,2,-,-,6489.0,,+,+,JB_35
36,1726,354,-,2,-,-,6523.0,,+,+,JB_36
37,492,995,-,2,-,-,6275.0,,+,+,JB_37
38,701,881,-,2,-,-,,,-,+,JB_38
39,518,785,-,3,-,-,6246.0,,+,+,JB_39
40,282,1288,-,3,-,-,6250.0,,+,+,JB_40
41,271,2067,-,3,-,-,8698.0,,+,+,JB_41
42,310,103,+,3,+,-,8731.0,1321504.0,+,+,JB_42
43,1137,5548,-,3,+,+,4549.0,,+,+,JB_43
44,2551,558,-,3,-,-,6556.0,,+,+,JB_44
45,1742,2898,-,3,+,+,7943.0,,+,+,JB_45
46,196,539,+,4,+,-,8597.0,1127290.0,+,+,JB_46
47,1904,207,+,4,+,-,7590.0,1146734.0,+,+,JB_47
48,nd,nd,nd,4,-,+,,,+,+,JB_48
49,1162,1131,+,4,-,-,8149.0,,-,+,JB_49
50,400,5801,-,4,-,+,4081.0,1107579.0,+,+,JB_50
51,476,5298,-,4,-,-,4037.0,1107566.0,+,+,JB_51
52,1644,3511,-,4,-,+,8164.0,1146587.0,+,+,JB_52
53,619,3357,-,4,-,-,8117.0,1107700.0,+,+,JB_53
54,497,2448,-,4,-,-,7193.0,,+,+,JB_54
55,327,737,-,4,-,-,6278.0,,-,+,JB_55
56,1537,1235,+,4,-,+,8481.0,1127225.0,+,+,JB_56
57,933,1445,+,4,-,+,7209.0,1127061.0,+,+,JB_57
58,279,889,+,4,+,+,8088.0,1146797.0,+,+,JB_58
59,2135,1063,+,4,-,+,8524.0,1146829.0,+,+,JB_59
60,633,454,+,4,+,+,8759.0,1321354.0,+,+,JB_60
61,790,329,+,4,-,+,8323.0,606692.0,+,+,JB_61
62,447,203,+,4,+,+,8790.0,1321370.0,+,+,JB_62
63,308,3935,-,4S,-,-,7849.0,,+,+,JB_63
64,243,2294,-,4S,-,+,8613.0,,+,+,JB_64
65,41,1338,-,4S,-,-,7605.0,1107471.0,+,+,JB_65
66,133,627,-,4S,-,-,6358.0,,+,+,JB_66
67,107,3571,-,4S,-,-,7665.0,1107485.0,+,+,JB_67
68,4,2494,-,4S,-,-,8086.0,389465.0,+,+,JB_68
69,297,2050,-,4S,-,-,8738.0,,+,+,JB_69
70,16,3540,-,1,-,-,,2857319.0,+,+,JB_70
71,0,2167,-,1,-,-,,2857378.0,+,+,JB_71
72,887,3703,-,1,-,-,,2857386.0,+,+,JB_72
73,41,2782,-,1,-,-,,2857394.0,+,+,JB_73
74,22,4014,-,1,-,-,,2857419.0,+,+,JB_74
75,224,3788,-,1,-,-,,2857485.0,+,+,JB_75
76,2041,4070,-,1,-,+,,2857526.0,+,+,JB_76
77,316,2557,-,1,-,-,,2860072.0,+,+,JB_77
78,263,2586,-,1,-,+,,2857619.0,+,+,JB_78
79,363,3139,-,2.1,-,+,,2865762.0,+,+,JB_79
80,1676,3627,-,2.2,-,-,,2865747.0,+,+,JB_80
81,129,2308,-,2.2,-,-,,2865755.0,+,+,JB_81
82,2143,1255,-,3,-,-,,2857901.0,+,+,JB_82
83,1224,943,-,3,-,-,,2857935.0,+,+,JB_83
84,1381,4675,-,3,-,-,,2857942.0,+,+,JB_84
85,1683,3290,-,3,-,-,,2857847.0,+,+,JB_85
86,860,3009,-,3,-,-,,2857870.0,+,+,JB_86
87,3866,2826,-,3,-,+,,2857879.0,+,+,JB_87
88,382,1450,-,4,-,+,,2864537.0,+,+,JB_88
89,1529,1118,+,4,-,+,,2864446.0,+,+,JB_89
90,2326,2465,-,4,-,+,,2864529.0,+,+,JB_90
91,2105,784,+,4,+,-,,2864726.0,+,+,JB_91
92,701,702,+,4,+,+,,2864773.0,+,+,JB_92
93,947,892,+,4,+,+,,2864850.0,+,+,JB_93
94,849,948,+,4,+,+,,2864858.0,+,+,JB_94
95,62,86,-,4S,-,-,,2858431.0,+,+,JB_95
96,46,1395,-,4S,-,-,,2858444.0,+,+,JB_96
97,3,4408,-,4S,-,-,,2858297.0,+,+,JB_97
98,84,1919,-,4S,-,-,,2859788.0,+,+,JB_98
99,73,3478,-,4S,-,-,,2858357.0,+,+,JB_99
100,50,2248,-,4S,-,-,,2858389.0,+,+,JB_100
