Sample.ID,Hypoxia_DEG_Score,OS,OS.time,Gender,Grouping
sample49,7.19541975613549,1,2.5041095890411,Male,High
sample67,46.8318316458967,1,0.706849315068493,Male,High
sample68,47.3582999384523,0,5.08767123287671,Male,High
sample69,-26.4890016418873,0,4.98082191780822,Male,Low
sample70,-45.1164747333595,0,4.97534246575342,Male,Low
sample72,-16.8830325011069,1,3.21095890410959,Male,High
sample73,-19.0320813648425,0,4.96438356164384,Male,Low
sample74,-2.14700471600386,0,0.106849315068493,Male,High
sample76,16.1260336250353,0,4.96438356164384,Male,High
sample78,-9.22030156277852,0,0.112328767123288,Male,High
sample79,10.9399846955763,1,0.0547945205479452,Male,High
sample81,40.1675371023933,1,0.180821917808219,Male,High
sample82,-22.9123195447109,0,4.91780821917808,Female,Low
sample83,-30.5854748309187,0,4.91780821917808,Female,Low
sample90,-2.56738791474801,0,3.82191780821918,Male,High
sample91,45.1466377121751,0,3.83013698630137,Male,High
sample93,-24.4473155235693,0,0.115068493150685,Male,Low
sample96,-5.74950544174345,1,2.58904109589041,Male,High
sample98,-36.3922340982106,0,4.21917808219178,Male,Low
sample100,-8.32648640803007,0,4.03287671232877,Male,High
sample102,-31.178371786477,0,3.83287671232877,Male,Low
sample104,3.56556562560462,1,0.298630136986301,Male,High
sample106,41.426764632649,1,0.663013698630137,Female,High
sample109,-35.1101361683956,0,4.75342465753425,Male,Low
sample110,16.2055082822997,1,1.63561643835616,Male,High
sample114,-17.652188974337,0,3.85479452054795,Male,High
sample115,21.1400019993205,0,0.112328767123288,Male,High
sample119,-22.3019008952988,1,3.02465753424658,Male,Low
sample123,56.2828436759368,0,1.8986301369863,Male,High
sample128,3.72478941494308,1,1.57808219178082,Male,High
