sample_id,Tumor exome data,Normal exome data a,Tumor RNAseq data,Normal RNA seq,Race,Dx Date,Survival Date,Age,Gender,Smoke,TNM stage,UICC stage  ,Collapsed Stage,Months,Survival Status,chemotherapy-exposed biopsy
5,X,,X,,Chinese,2004-02-23,2009-05-10,54.43,2.0,2.0,T2bN0M0,IIA,2.0,63.4,0.0,Naive
6,X,,X,,Chinese,2004-03-10,2004-11-17,66.65,2.0,2.0,T2aN2M0,IIIA,3.0,8.4,1.0,Naive
15,X,X,X,,Chinese,2005-08-29,2007-07-10,70.17,1.0,1.0,T2aN2M0,IIIA,3.0,22.7,1.0,Chemo
18,X,X,X,,Chinese,2006-05-08,2007-07-19,50.03,1.0,1.0,T2bN0M0,IIA,2.0,14.6,1.0,Naive
20,X,X,X,,Chinese,2006-10-07,2008-08-29,65.42,1.0,2.0,T1bN0M0,IA,1.0,23.1,0.0,Naive
21,X,X,X,,Chinese,2006-12-21,2009-04-20,50.77,1.0,2.0,T1aN0M0,IA,1.0,28.4,0.0,Chemo
25,X,X,X,,Chinese,2007-07-24,2009-04-20,46.69,1.0,1.0,T3N2M0,IIIA,3.0,21.2,0.0,Naive
26,X,X,X,,Chinese,2007-09-27,2008-03-24,44.34,2.0,2.0,T2aN2M0,IIIA,3.0,6.0,1.0,Naive
27,X,X,X,,Chinese,2007-10-08,2009-02-28,39.44,1.0,1.0,T4N2M0,IIIB,3.0,17.0,1.0,Naive
29,X,X,X,,Chinese,2009-03-25,2010-03-25,64.36,1.0,2.0,T2bN3M0,IIIB,3.0,12.2,0.0,Naive
31,X,X,X,,Chinese,2009-04-02,2010-03-26,56.45,1.0,2.0,T2bN1M0,IIB,2.0,11.9,0.0,Naive
32,X,X,X,,Chinese,2009-07-15,2010-03-18,58.53,1.0,1.0,T1bN2M0,IIIA,3.0,8.2,0.0,Naive
33,X,X,X,,Chinese,2009-09-21,2010-03-22,57.57,1.0,1.0,T2bN2M0,IIIA,3.0,6.1,0.0,Naive
36,X,X,X,,Chinese,2009-12-04,2010-04-08,56.79,1.0,1.0,T1bN2M0,IIIA,3.0,4.2,0.0,Naive
08-3085,X,,X,,Chinese,2008-08-06,2008-09-06,61.0,1.0,1.0,T3N2M0,IIIA,3.0,1.0,1.0,Naive
08-3256,X,,X,,Chinese,2008-08-19,2009-08-11,61.0,1.0,1.0,T3N2M0,IIIA,3.0,11.9,1.0,Naive
08-3483,X,△,X,x,Chinese,2008-09-04,2014-02-10,66.0,1.0,1.0,T2aN0M0,IB,1.0,66.2,0.0,Naive
08-3503,X,△,X,x,Chinese,2008-09-09,2009-01-08,63.0,1.0,1.0,T2aN2M0,IIIA,3.0,4.0,1.0,Naive
08-3758,X,△,X,x,Chinese,2008-09-24,2014-02-10,70.0,1.0,1.0,T2aN0M0,IA,1.0,65.5,0.0,Naive
08-4386,X,,X,x,Chinese,2008-11-12,2014-02-10,45.0,1.0,1.0,T2N0M0,IA,1.0,63.9,0.0,Naive
08-4454,X,△,X,,Chinese,2008-11-17,2009-09-10,55.0,1.0,2.0,T2N1M0,IIB,2.0,9.9,1.0,Naive
08-4497,X,△,X,x,Chinese,2008-11-19,2014-02-10,51.0,1.0,1.0,T2aN1M0,IIA,2.0,63.6,0.0,Naive
08-4579,X,△,X,x,Chinese,2008-11-25,2012-03-02,52.0,2.0,2.0,T3N0M0,IIB,2.0,39.8,1.0,Naive
09-450,X,,X,,Chinese,2009-12-13,2010-11-14,66.0,1.0,1.0,T4N2M0,IIIB,3.0,11.2,1.0,Naive
10-144,X,,X,,Chinese,2010-01-11,2010-06-11,64.0,1.0,1.0,T3N2M0,IIIA,3.0,5.0,1.0,Naive
10-158,X,,X,,Chinese,2010-01-12,2013-04-15,36.0,1.0,1.0,T2aN2M0,IIIA,3.0,39.6,1.0,Naive
07-3747,X,,X,,Chinese,2007-10-25,2008-09-24,62.0,1.0,2.0,T3N2M0,IIIA,3.0,11.0,1.0,Naive
10-1708,X,,X,,Chinese,2010-04-21,2014-02-10,62.0,1.0,2.0,T2aN0M0,IB,1.0,46.4,0.0,Naive
10-2275,X,,X,,Chinese,2010-03-24,2012-05-14,57.0,1.0,1.0,T3N2M0,IIIA,3.0,26.1,1.0,Chemo
10-4914,X,,X,,Chinese,2010-10-25,2011-01-17,52.0,1.0,1.0,T4N2M1,IV,4.0,2.8,0.0,Chemo
10-5484,X,,X,,Chinese,2010-11-22,2010-12-22,69.0,1.0,1.0,T1bN2M0,IIIA ,3.0,1.0,0.0,Naive
10-5656,X,,X,,Chinese,2010-12-02,2012-04-22,55.0,1.0,1.0,T2aN2M0,IIIA ,3.0,16.9,1.0,Naive
10-5716,X,,X,,Chinese,2010-12-06,2011-05-06,54.0,1.0,1.0,T2aN2M0R0,IIIA,3.0,5.0,1.0,Naive
10-6017,X,,X,,Chinese,2010-12-22,2013-02-22,47.0,1.0,1.0,T2N2M0,IIIA,3.0,26.0,1.0,Naive
4,X,,X,,Chinese,2004-02-11,2005-03-15,43.24,1.0,2.0,,IIIA/IIIB,3.0,13.3,1.0,Chemo
11-1085,X,,X,,Chinese,2011-03-14,2013-12-10,52.0,1.0,1.0,T1aN0M0,IA,1.0,33.4,1.0,Naive
11-2810,X,,X,,Chinese,2011-06-07,2014-02-10,65.0,1.0,1.0,T1bN0M0,IA,1.0,32.6,0.0,Naive
11-283,X,,X,,Chinese,2011-01-20,2013-03-14,64.0,1.0,1.0,T2bN2M0,IIIA ,3.0,26.1,1.0,Naive
11-4,X,,X,,Chinese,2011-01-04,2014-02-10,71.0,1.0,1.0,T1N2M0,IIIA ,3.0,37.8,0.0,Naive
11-4430,X,,X,,Chinese,2011-08-22,2014-02-10,59.0,1.0,1.0,T4N1M0,IIIB,3.0,30.1,0.0,Naive
11-548,X,,X,,Chinese,2010-12-15,2011-07-30,58.0,1.0,1.0,T1bN2M0,IIIA ,3.0,7.5,1.0,Chemo
12-1353,X,,X,,Chinese,2012-03-13,2012-05-13,75.0,1.0,1.0,T2aN2M0,IIIA,3.0,2.0,0.0,Naive
12-1662,X,,X,,Chinese,2012-03-26,2014-02-10,66.0,2.0,2.0,T2aN2M0,IIIA,3.0,22.9,0.0,Naive
12-2013,X,,X,,Chinese,2012-04-11,2014-02-10,60.0,1.0,1.0,T2aN2M0,IIIA,3.0,22.3,0.0,Naive
12-3716,X,,X,,Chinese,2012-06-19,2014-02-10,70.0,1.0,1.0,T2aN1M0,IIA,2.0,20.0,0.0,Naive
12-703,X,,X,,Chinese,2011-11-15,2014-02-10,45.0,1.0,2.0,T2aN2M0,IIIA,3.0,27.3,0.0,Chemo
12-738,X,,X,,Chinese,2012-02-16,2013-06-18,53.0,1.0,1.0,T2bN2M0,IIIA,3.0,16.3,1.0,Naive
12-814,X,,X,,Chinese,2011-12-02,2014-02-10,55.0,1.0,2.0,T2bN2M0,IIB,2.0,26.7,0.0,Chemo
